视频标题,视频标签,作者名称,昵称,地区,日期,评论
第1023集 | 纯天然的太阳能生物，会发光的巨型乌龟,#动漫推荐#动漫解说,无幻动漫,用户9596426841382,河北,2026-02-08 12:24:05,有点像一群住校生，找一个走读生给手机充电的样子
第1023集 | 纯天然的太阳能生物，会发光的巨型乌龟,#动漫推荐#动漫解说,无幻动漫,流浪,山东,2026-02-07 21:39:33,等了好多年了，不知道还会不会出下部
第1023集 | 纯天然的太阳能生物，会发光的巨型乌龟,#动漫推荐#动漫解说,无幻动漫,伍六七,浙江,2026-02-08 06:31:49,真的很喜欢这部动漫
第1023集 | 纯天然的太阳能生物，会发光的巨型乌龟,#动漫推荐#动漫解说,无幻动漫,万道宗·神,四川,2026-02-08 11:33:17,这不就是太阳能王八吗？
第1023集 | 纯天然的太阳能生物，会发光的巨型乌龟,#动漫推荐#动漫解说,无幻动漫,紫狗。,山东,2026-02-07 20:55:46,
第1023集 | 纯天然的太阳能生物，会发光的巨型乌龟,#动漫推荐#动漫解说,无幻动漫,守护者你🌹🌹,浙江,2026-02-08 00:49:40,真吃一辈子啊
第1023集 | 纯天然的太阳能生物，会发光的巨型乌龟,#动漫推荐#动漫解说,无幻动漫,健康长寿,广东,2026-02-07 22:01:48,[吐舌小狗][吐舌小狗][吐舌小狗][吐舌小狗][吐舌小狗][吐舌小狗][吐舌小狗][吐舌小狗][大笑][大笑][大笑][大笑][大笑][大笑][爱心手][爱心手]
第1023集 | 纯天然的太阳能生物，会发光的巨型乌龟,#动漫推荐#动漫解说,无幻动漫,逆路无伴,广东,2026-02-08 08:26:32,肉丝还能吃吗[捂脸]
第1023集 | 纯天然的太阳能生物，会发光的巨型乌龟,#动漫推荐#动漫解说,无幻动漫,浦忒头🥔,四川,2026-02-08 10:37:14,寿司全是汗水[憨笑]
第1023集 | 纯天然的太阳能生物，会发光的巨型乌龟,#动漫推荐#动漫解说,无幻动漫,上学就想睡💤,河北,2026-02-08 11:00:07,
第1023集 | 纯天然的太阳能生物，会发光的巨型乌龟,#动漫推荐#动漫解说,无幻动漫,123,福建,2026-02-07 23:27:47,汗味寿司
第1023集 | 纯天然的太阳能生物，会发光的巨型乌龟,#动漫推荐#动漫解说,无幻动漫,开心,云南,2026-02-08 08:26:40,
第1023集 | 纯天然的太阳能生物，会发光的巨型乌龟,#动漫推荐#动漫解说,无幻动漫,上学就想睡💤,河北,2026-02-08 11:00:30,@
第1023集 | 纯天然的太阳能生物，会发光的巨型乌龟,#动漫推荐#动漫解说,无幻动漫,开心,云南,2026-02-08 08:27:09,
第1023集 | 纯天然的太阳能生物，会发光的巨型乌龟,#动漫推荐#动漫解说,无幻动漫,开心,云南,2026-02-08 08:27:01,
第1023集 | 纯天然的太阳能生物，会发光的巨型乌龟,#动漫推荐#动漫解说,无幻动漫,开心,云南,2026-02-08 08:26:53,
第1023集 | 纯天然的太阳能生物，会发光的巨型乌龟,#动漫推荐#动漫解说,无幻动漫,开心,云南,2026-02-08 08:26:44,
第1023集 | 纯天然的太阳能生物，会发光的巨型乌龟,#动漫推荐#动漫解说,无幻动漫,wishyou,北京,2026-02-07 21:21:42,
